Swedish Delight	[3703, 'Mew2King']	[4487, 'Armada']			
Plup	[3374, 'Mango']	[3486, 'PPMD']	[3618, 'Mew2King']	[3738, 'Hungrybox']	[4186, 'Armada']
Trif	[3403, 'Armada']	[4669, 'Mew2King']			
Leffen	[2828, 'Hungrybox']	[2856, 'Armada']	[2982, 'PPMD']	[3185, 'Mango']	[3206, 'Mew2King']
SilentSpectre	[1077, 'Mango']	[1366, 'Armada']			
Zgetto	[1078, 'Armada']				
Calle W	[704, 'Armada']				
Captain Jack	[672, 'Armada']				
Amsah	[439, 'Armada']				
Masamune	[439, 'Armada']				
Helios	[345, 'Armada']				
Kero	[6398, 'Hungrybox']				
Komodo	[6398, 'Hungrybox']				
Salt	[6363, 'Hungrybox']				
Panda	[6272, 'Hungrybox']				
moky	[6118, 'Hungrybox']				
Pipsqueak	[6027, 'Mango']	[6041, 'Hungrybox']			
Jmook	[5950, 'Mango']	[5971, 'Hungrybox']			
S2J	[4144, 'Mew2King']	[5922, 'Hungrybox']	[6237, 'Mango']		
KJH	[5908, 'Hungrybox']				
n0ne	[3682, 'Mew2King']	[4228, 'Mango']	[5838, 'Hungrybox']		
Polish	[5670, 'Hungrybox']				
Hax	[2933, 'Mango']	[3024, 'Mew2King']	[4977, 'Hungrybox']		
KoDoRiN	[4948, 'Hungrybox']	[5719, 'Mew2King']	[5866, 'Mango']		
Albert	[4830, 'Hungrybox']				
Cody Schwab	[4802, 'Hungrybox']	[4802, 'Mango']			
Duck	[4571, 'Hungrybox']				
Zain	[4396, 'Mango']	[4508, 'Hungrybox']	[4914, 'Mew2King']		
aMSa	[2996, 'Mew2King']	[4396, 'Hungrybox']	[4669, 'Mango']		
Nintendude	[3556, 'Mew2King']	[3780, 'Mango']	[3857, 'Hungrybox']		
La Luna	[3857, 'Hungrybox']				
SFAT	[2695, 'Mango']	[3556, 'Mew2King']	[3780, 'Hungrybox']		
Wizzrobe	[3724, 'Hungrybox']	[4004, 'Mew2King']			
Professor Pro	[3423, 'Hungrybox']				
Westballz	[2211, 'Mango']	[3283, 'Hungrybox']	[3618, 'PPMD']		
PewPewU	[2562, 'Mango']	[3206, 'Hungrybox']	[3766, 'Mew2King']		
Axe	[1366, 'PPMD']	[1862, 'Mew2King']	[2982, 'Hungrybox']	[3283, 'Mango']	
Wobbles	[1568, 'Mango']	[1911, 'Mew2King']	[2638, 'Hungrybox']	[2638, 'PPMD']	
KirbyKaze	[1673, 'Mango']	[1673, 'PPMD']	[2086, 'Hungrybox']		
Lovage	[1911, 'Hungrybox']				
Lucky	[1280, 'Mango']	[1366, 'PPMD']	[1701, 'Hungrybox']	[1911, 'Mew2King']	
Fly Amanita	[1014, 'Mango']	[1701, 'Hungrybox']	[1736, 'Mew2King']	[1911, 'PPMD']	
DaShizWiz	[1147, 'Hungrybox']				
Colbol	[1084, 'Hungrybox']	[3436, 'Mew2King']			
ChuDat	[27, 'Mew2King']	[1050, 'Hungrybox']	[3969, 'Mango']		
PC Chris	[27, 'Mew2King']	[525, 'Mango']	[1050, 'Hungrybox']		
RaynEX	[910, 'Hungrybox']				
Darkrain	[910, 'Hungrybox']				
Xelic	[819, 'Hungrybox']				
Matteo	[6118, 'Mango']				
SluG	[6027, 'Mango']				
lloD	[5845, 'Mango']				
Fizzwiggle	[5838, 'Mango']				
Spark	[4893, 'Mango']				
Magi	[4669, 'Mango']				
Bananas	[4592, 'Mango']	[4592, 'Mew2King']			
Venti	[4585, 'Mango']				
EastCoastJeff	[4585, 'Mango']				
Flipsy	[4494, 'Mango']				
ARMY	[4480, 'Mango']				
Glitch	[4347, 'Mango']				
Kalamazhu	[4347, 'Mango']				
dizzkidboogie	[4228, 'Mango']				
Kels	[3983, 'Mango']				
Drunk Sloth	[3983, 'Mango']				
MikeHaze	[3878, 'Mango']				
MacD	[3436, 'Mango']	[3618, 'PPMD']			
Druggedfox	[3436, 'Mango']				
Chillindude	[2925, 'Mango']				
4%	[2799, 'Mango']				
Taki	[2799, 'Mango']				
Eddy Mexico	[2695, 'Mango']				
Fiction	[2681, 'Mango']	[2975, 'Mew2King']			
Ice	[2541, 'Mango']				
Bladewise	[2289, 'Mango']				
Taj	[1911, 'Mango']	[1911, 'PPMD']			
Cactuar	[1765, 'Mango']				
Jman	[1190, 'PPMD']	[1701, 'Mango']			
Shroomed	[1630, 'Mango']	[1911, 'PPMD']	[3164, 'Mew2King']		
Eggz	[1568, 'Mango']				
Zhu	[1176, 'Mew2King']	[1547, 'Mango']			
Kage the Warrior	[1309, 'Mango']				
Silent Wolf	[651, 'Mango']	[3129, 'Mew2King']	[3618, 'PPMD']		
Sensei	[651, 'Mango']				
Plank	[651, 'Mango']				
Vist	[651, 'Mango']				
Cort	[525, 'Mango']	[819, 'Mew2King']			
Ken	[62, 'Mew2King']	[490, 'Mango']			
HugS	[490, 'Mango']				
ShadowBTZO	[455, 'Mango']				
Mike Y	[455, 'Mango']				
Bob$	[455, 'Mango']				
SFOP	[6055, 'Mew2King']				
Krudo	[5717, 'Mew2King']				
Captain Faceroll	[4956, 'Mew2King']				
PRZ	[4584, 'Mew2King']				
Slop	[4584, 'Mew2King']				
Rishi	[4487, 'Mew2King']				
Ryan Ford	[2401, 'Mew2King']				
Drephen	[567, 'Mew2King']				
KoreanDJ	[126, 'Mew2King']				
Isai	[62, 'Mew2King']				
Dope	[27, 'Mew2King']				
NEO	[0, 'Mew2King']				
Caveman	[0, 'Mew2King']				
Frootloop	[3481, 'PPMD']				
Javi	[2086, 'PPMD']				
Tope	[1911, 'PPMD']				
